{
  "precision": 0.5454545454545454,
  "recall": 0.75,
  "f1": 0.631578947368421,
  "f2": 0.6976744186046512,
  "roc_auc": 0.9478092783505154,
  "wss@95": 0.7986238532110091,
  "true_positives": 18,
  "false_positives": 15,
  "true_negatives": 179,
  "false_negatives": 6
}