{
  "precision": 0.4107142857142857,
  "recall": 0.9583333333333334,
  "f1": 0.575,
  "f2": 0.756578947368421,
  "roc_auc": 0.9478092783505154,
  "wss@95": 0.6931192660550458,
  "true_positives": 23,
  "false_positives": 33,
  "true_negatives": 161,
  "false_negatives": 1
}