{
  "precision": 0.5588235294117647,
  "recall": 0.7916666666666666,
  "f1": 0.6551724137931034,
  "f2": 0.7307692307692307,
  "roc_auc": 0.9510309278350515,
  "wss@95": 0.7940366972477064,
  "true_positives": 19,
  "false_positives": 15,
  "true_negatives": 179,
  "false_negatives": 5
}