{
  "precision": 0.3333333333333333,
  "recall": 0.9166666666666666,
  "f1": 0.4888888888888889,
  "f2": 0.6790123456790123,
  "roc_auc": 0.9222508591065293,
  "wss@95": 0.6472477064220183,
  "true_positives": 22,
  "false_positives": 44,
  "true_negatives": 150,
  "false_negatives": 2
}