{
  "precision": 0.46938775510204084,
  "recall": 0.9583333333333334,
  "f1": 0.6301369863013699,
  "f2": 0.7931034482758621,
  "roc_auc": 0.9478092783505154,
  "wss@95": 0.7252293577981651,
  "true_positives": 23,
  "false_positives": 26,
  "true_negatives": 168,
  "false_negatives": 1
}