{
  "model_name": "svm_fixed_params_mesh",
  "balanced": {
    "precision": 0.48148148148148145,
    "recall": 0.5416666666666666,
    "f1": 0.5098039215686274,
    "f2": 0.5284552845528455,
    "roc_auc": 0.9179553264604811,
    "wss_at_95": 0.6326452599388379,
    "true_positives": 13,
    "false_positives": 14,
    "true_negatives": 180,
    "false_negatives": 11
  },
  "high_recall": {
    "precision": 0.24731182795698925,
    "recall": 0.9583333333333334,
    "f1": 0.3931623931623932,
    "f2": 0.6084656084656085,
    "roc_auc": 0.9179553264604811,
    "wss_at_95": 0.6326452599388379,
    "true_positives": 23,
    "false_positives": 70,
    "true_negatives": 124,
    "false_negatives": 1
  },
  "threshold": 0.05706888025937511,
  "params": {
    "features__text_features__tfidf__max_features": 10000,
    "features__text_features__tfidf__ngram_range": [
      1,
      3
    ],
    "features__text_features__tfidf__min_df": 5,
    "features__text_features__tfidf__max_df": 0.85,
    "clf__C": 1.0,
    "clf__class_weight": "balanced",
    "clf__kernel": "linear"
  }
}