{
  "precision": 0.5666666666666667,
  "recall": 0.7083333333333334,
  "f1": 0.6296296296296297,
  "f2": 0.6746031746031746,
  "roc_auc": 0.947594501718213,
  "wss@95": 0.8123853211009174,
  "true_positives": 17,
  "false_positives": 13,
  "true_negatives": 181,
  "false_negatives": 7
}