{
  "precision": 0.3898305084745763,
  "recall": 0.9583333333333334,
  "f1": 0.5542168674698795,
  "f2": 0.7419354838709677,
  "roc_auc": 0.9372852233676976,
  "wss@95": 0.6793577981651375,
  "true_positives": 23,
  "false_positives": 36,
  "true_negatives": 158,
  "false_negatives": 1
}