{
  "precision": 0.3484848484848485,
  "recall": 0.9583333333333334,
  "f1": 0.5111111111111111,
  "f2": 0.7098765432098766,
  "roc_auc": 0.9256872852233677,
  "wss@95": 0.6472477064220183,
  "true_positives": 23,
  "false_positives": 43,
  "true_negatives": 151,
  "false_negatives": 1
}