{
  "precision": 0.7407407407407407,
  "recall": 0.8333333333333334,
  "f1": 0.7843137254901961,
  "f2": 0.8130081300813008,
  "roc_auc": 0.948668384879725,
  "wss@95": 0.8261467889908256,
  "true_positives": 20,
  "false_positives": 7,
  "true_negatives": 187,
  "false_negatives": 4
}