{
  "precision": 0.5714285714285714,
  "recall": 0.8333333333333334,
  "f1": 0.6779661016949152,
  "f2": 0.7633587786259541,
  "roc_auc": 0.9565077319587629,
  "wss@95": 0.7894495412844036,
  "true_positives": 20,
  "false_positives": 15,
  "true_negatives": 179,
  "false_negatives": 4
}