{
  "precision": 0.41818181818181815,
  "recall": 0.9583333333333334,
  "f1": 0.5822784810126582,
  "f2": 0.76158940397351,
  "roc_auc": 0.947594501718213,
  "wss@95": 0.6977064220183485,
  "true_positives": 23,
  "false_positives": 32,
  "true_negatives": 162,
  "false_negatives": 1
}