{
  "precision": 0.23232323232323232,
  "recall": 0.9583333333333334,
  "f1": 0.37398373983739835,
  "f2": 0.5897435897435899,
  "roc_auc": 0.9222508591065293,
  "wss@95": 0.4958715596330275,
  "true_positives": 23,
  "false_positives": 76,
  "true_negatives": 118,
  "false_negatives": 1
}