{
  "model_name": "svm_fixed_params",
  "balanced": {
    "precision": 0.5714285714285714,
    "recall": 0.8333333333333334,
    "f1": 0.6779661016949152,
    "f2": 0.7633587786259541,
    "roc_auc": 0.9565077319587629,
    "wss_at_95": 0.724388379204893,
    "true_positives": 20,
    "false_positives": 15,
    "true_negatives": 179,
    "false_negatives": 4
  },
  "high_recall": {
    "precision": 0.26436781609195403,
    "recall": 0.9583333333333334,
    "f1": 0.4144144144144144,
    "f2": 0.6284153005464481,
    "roc_auc": 0.9565077319587629,
    "wss_at_95": 0.724388379204893,
    "true_positives": 23,
    "false_positives": 64,
    "true_negatives": 130,
    "false_negatives": 1
  },
  "threshold": 0.03234004207057072,
  "params": {
    "max_features": 5000,
    "ngram_range": [
      1,
      2
    ],
    "min_df": 1,
    "max_df": 0.85,
    "C": 1,
    "class_weight": "balanced",
    "kernel": "linear"
  }
}