{
  "precision": 0.45714285714285713,
  "recall": 0.6666666666666666,
  "f1": 0.5423728813559322,
  "f2": 0.6106870229007633,
  "roc_auc": 0.9256872852233677,
  "wss@95": 0.7894495412844036,
  "true_positives": 16,
  "false_positives": 19,
  "true_negatives": 175,
  "false_negatives": 8
}