{
  "precision": 0.46,
  "recall": 0.9583333333333334,
  "f1": 0.6216216216216216,
  "f2": 0.7876712328767123,
  "roc_auc": 0.9499570446735395,
  "wss@95": 0.7206422018348624,
  "true_positives": 23,
  "false_positives": 27,
  "true_negatives": 167,
  "false_negatives": 1
}