{
  "precision": 0.45098039215686275,
  "recall": 0.9583333333333334,
  "f1": 0.6133333333333333,
  "f2": 0.782312925170068,
  "roc_auc": 0.9565077319587629,
  "wss@95": 0.7160550458715595,
  "true_positives": 23,
  "false_positives": 28,
  "true_negatives": 166,
  "false_negatives": 1
}