{
  "precision": 0.4791666666666667,
  "recall": 0.9583333333333334,
  "f1": 0.638888888888889,
  "f2": 0.7986111111111112,
  "roc_auc": 0.9411512027491409,
  "wss@95": 0.7298165137614678,
  "true_positives": 23,
  "false_positives": 25,
  "true_negatives": 169,
  "false_negatives": 1
}