{
  "precision": 0.7083333333333334,
  "recall": 0.7083333333333334,
  "f1": 0.7083333333333334,
  "f2": 0.7083333333333334,
  "roc_auc": 0.9542525773195876,
  "wss@95": 0.8399082568807339,
  "true_positives": 17,
  "false_positives": 7,
  "true_negatives": 187,
  "false_negatives": 7
}