{
  "precision": 0.5277777777777778,
  "recall": 0.7916666666666666,
  "f1": 0.6333333333333333,
  "f2": 0.7196969696969697,
  "roc_auc": 0.9499570446735395,
  "wss@95": 0.7848623853211009,
  "true_positives": 19,
  "false_positives": 17,
  "true_negatives": 177,
  "false_negatives": 5
}