{
  "model_name": "lemmatization_svm_fixed_params_smote",
  "balanced": {
    "precision": 0.72,
    "recall": 0.75,
    "f1": 0.7346938775510204,
    "f2": 0.7438016528925621,
    "roc_auc": 0.9458762886597937,
    "wss_at_95": 0.7152140672782875,
    "true_positives": 18,
    "false_positives": 7,
    "true_negatives": 187,
    "false_negatives": 6
  },
  "high_recall": {
    "precision": 0.19166666666666668,
    "recall": 0.9583333333333334,
    "f1": 0.3194444444444444,
    "f2": 0.5324074074074074,
    "roc_auc": 0.9458762886597937,
    "wss_at_95": 0.7152140672782875,
    "true_positives": 23,
    "false_positives": 97,
    "true_negatives": 97,
    "false_negatives": 1
  },
  "threshold": 2.1135224907369917e-06,
  "params": {
    "max_features": 5000,
    "ngram_range": [
      1,
      2
    ],
    "min_df": 1,
    "max_df": 0.85,
    "C": 1,
    "class_weight": "balanced",
    "kernel": "linear"
  }
}